{
    "currentRecipe": {
        "totalVolume": 880,
        "proPhree": 44,
        "ivalex": 20,
        "glycine": 44,
        "breastMilk": 440,
        "enfamil": 44
    },
    "todayFeedingSchedule": {
        "21.03.09 - 18": 146.66666666666666,
        "21.03.09 - 14": 146.66666666666666,
        "21.03.09 - 22": 146.66666666666666
    },
    "supplyList": {
        "proPhree": -63,
        "ivalex": -39,
        "glycine": -63
    },
    "logList": {
        "21.03.09 - 06": [
            146.66666666666666,
            11
        ],
        "21.02.01 - 14": [
            160,
            0
        ],
        "21.03.09 - 02": [
            146.66666666666666,
            11
        ],
        "21.02.02 - 02": [
            160,
            40
        ],
        "21.03.09 - 10": [
            555,
            11
        ],
        "21.02.01 - 22": [
            160,
            20
        ],
        "21.02.01 - 10": [
            160,
            0
        ],
        "21.02.01 - 02": [
            160,
            40
        ]
    }
}