{
    "currentRecipe": {
        "totalVolume": 800,
        "proPhree": 30,
        "ivalex": 40,
        "glycine": 2,
        "breastMilk": 500,
        "enfamil": 40
    },
    "todayFeedingSchedule": {
        "21.03.07 - 10": 133.33333333333334,
        "21.03.07 - 02": 133.33333333333334,
        "21.03.07 - 14": 133.33333333333334,
        "21.03.07 - 22": 133.33333333333334,
        "21.03.07 - 06": 133.33333333333334,
        "21.03.07 - 18": 133.33333333333334
    },
    "supplyList": {
        "proPhree": 1550,
        "ivalex": 440,
        "glycine": 178
    },
    "logList": {
        "21.23.02 - 14": [
            160,
            33
        ],
        "21.23.02 - 02": [
            160,
            40
        ],
        "21.03.07 - 10": [
            133.33333333333334,
            45
        ],
        "21.23.02 - 22": [
            160,
            33
        ],
        "21.23.02 - 10": [
            160,
            33
        ],
        "21.23.01 - 06": [
            160,
            10
        ],
        "21.23.01 - 10": [
            160,
            0
        ],
        "21.23.01 - 02": [
            160,
            40
        ],
        "21.23.01 - 22": [
            160,
            20
        ],
        "21.23.01 - 14": [
            160,
            0
        ],
        "21.23.02 - 06": [
            160,
            10
        ],
        "21.03.07 - 02": [
            133.33333333333334,
            0
        ],
        "21.23.01 - 18": [
            160,
            50
        ],
        "21.03.07 - 06": [
            133.33333333333334,
            20
        ]
    }
}