{
    "currentRecipe": {
        "totalVolume": 880,
        "proPhree": 40,
        "ivalex": 54,
        "glycine": 3,
        "breastMilk": 500,
        "enfamil": 22
    },
    "todayFeedingSchedule": {
        "21.03.30 - 22": 146.66666666666666,
        "21.03.30 - 10": 146.66666666666666,
        "21.03.30 - 14": 146.66666666666666,
        "21.03.30 - 18": 146.66666666666666
    },
    "supplyList": {
        "proPhree": 800,
        "ivalex": 2400,
        "glycine": 100
    },
    "logList": {
        "21.03.09 - 06": [
            146.66666666666666,
            11
        ],
        "21.03.27 - 02": [
            146.66666666666666,
            15
        ],
        "21.03.09 - 02": [
            146.66666666666666,
            11
        ],
        "21.03.27 - 10": [
            146.66666666666666,
            14
        ],
        "21.02.02 - 02": [
            160,
            40
        ],
        "21.03.30 - 06": [
            146.66666666666666,
            0
        ],
        "21.03.27 - 06": [
            146.66666666666666,
            13
        ],
        "21.02.01 - 14": [
            160,
            0
        ],
        "21.03.30 - 02": [
            146.66666666666666,
            30
        ],
        "21.03.09 - 10": [
            555,
            11
        ],
        "21.02.01 - 22": [
            160,
            20
        ],
        "21.02.01 - 10": [
            160,
            0
        ],
        "21.02.01 - 02": [
            160,
            40
        ]
    }
}